0,-0.01,0
0.0005023,-0.010038,3.963e-05
0.0010084,-0.01005,6.3958e-05
0.001517,-0.010037,7.9195e-05
0.0020268,-0.0099986,8.8844e-05
0.0025367,-0.0099344,9.4946e-05
0.0030452,-0.0098443,9.9249e-05
0.0035511,-0.0097283,0.00010221
0.0040531,-0.0095865,0.00010434
0.0045498,-0.0094189,0.00010613
0.00504,-0.0092257,0.00010764
0.0055224,-0.0090072,0.00010901
0.0059955,-0.0087637,0.0001103
0.0064583,-0.0084954,0.00011142
0.0069092,-0.0082029,0.00011245
0.0073472,-0.0078867,0.0001137
0.007771,-0.0075473,0.00011511
0.0081793,-0.0071853,0.00011631
0.0085709,-0.0068014,0.00011723
0.0089447,-0.0063965,0.00011833
0.0092996,-0.0059712,0.00011973
0.0096345,-0.0055265,0.00012117
0.0099482,-0.0050633,0.00012216
0.01024,-0.0045827,0.00012307
0.010509,-0.0040855,0.00012436
0.010753,-0.003573,0.000126
0.010973,-0.0030463,0.00012748
0.011167,-0.0025066,0.00012841
0.011335,-0.0019551,0.00012943
0.011476,-0.001393,0.00013089
0.011589,-0.00082183,0.00013258
0.011674,-0.00024281,0.0001339
0.01173,0.00034266,0.00013486
0.011757,0.00093313,0.0001361
0.011754,0.0015272,0.00013775
0.011721,0.0021233,0.00013944
0.011659,0.0027201,0.00014058
0.011566,0.0033159,0.00014168
0.011443,0.0039093,0.00014317
0.011289,0.0044988,0.00014498
0.011106,0.0050827,0.00014652
0.010892,0.0056597,0.00014761
0.010649,0.006228,0.00014893
0.010376,0.0067863,0.00015067
0.010074,0.007333,0.00015253
0.0097437,0.0078666,0.00015385
0.0093852,0.0083855,0.00015506
0.0089992,0.0088884,0.00015665
0.0085866,0.0093738,0.00015859
0.008148,0.0098403,0.0001603
0.0076843,0.010287,0.00016153
0.0071965,0.010711,0.00016298
0.0066855,0.011113,0.00016487
0.0061524,0.01149,0.00016686
0.0055983,0.011843,0.00016831
0.0050245,0.012168,0.00016967
0.0044322,0.012466,0.00017144
0.0038226,0.012736,0.00017354
0.0031973,0.012976,0.00017533
0.0025575,0.013185,0.00017671
0.0019048,0.013363,0.00017836
0.0012408,0.013509,0.00018045
0.00056689,0.013622,0.00018255
-0.0001152,0.013702,0.00018408
-0.00080386,0.013747,0.00018565
-0.0014974,0.013758,0.00018766
-0.0021941,0.013735,0.00018993
-0.0028922,0.013676,0.00019174
-0.0035901,0.013582,0.0001933
-0.0042858,0.013453,0.00019522
-0.0049776,0.013288,0.00019754
-0.0056638,0.013088,0.00019967
-0.0063425,0.012853,0.0002013
-0.0070119,0.012583,0.00020315
-0.0076702,0.012278,0.00020547
-0.0083157,0.011938,0.00020784
-0.0089466,0.011566,0.00020964
-0.0095612,0.01116,0.00021146
-0.010158,0.010721,0.00021373
-0.010734,0.010251,0.00021626
-0.01129,0.0097506,0.00021831
-0.011822,0.0092202,0.00022014
-0.012329,0.008661,0.00022238
-0.012811,0.0080742,0.00022499
-0.013264,0.0074611,0.0002273
-0.013689,0.0068229,0.0002292
-0.014083,0.0061609,0.00023141
-0.014445,0.0054767,0.00023407
-0.014775,0.0047716,0.00023662
-0.01507,0.0040474,0.00023863
-0.01533,0.0033057,0.00024084
-0.015553,0.0025481,0.00024353
-0.01574,0.0017764,0.00024628
-0.015888,0.00099251,0.00024845
-0.015998,0.00019819,0.00025068
-0.016068,-0.00060461,0.00025339
-0.016097,-0.0014139,0.0002563
-0.016087,-0.0022278,0.00025866
-0.016035,-0.0030442,0.00026093
-0.015943,-0.0038611,0.00026368
-0.015809,-0.0046764,0.00026671
-0.015633,-0.005488,0.00026926
-0.015416,-0.0062939,0.00027161
-0.015158,-0.0070919,0.0002744
-0.014859,-0.0078799,0.00027755
-0.014519,-0.0086558,0.00028029
-0.014138,-0.0094176,0.00028273
-0.013718,-0.010163,0.00028558
-0.013259,-0.01089,0.00028883
-0.012762,-0.011597,0.00029175
-0.012228,-0.012282,0.00029429
-0.011657,-0.012942,0.00029722
-0.01105,-0.013576,0.00030058
-0.01041,-0.014182,0.00030366
-0.0097366,-0.014758,0.00030632
-0.0090318,-0.015303,0.00030934
-0.0082971,-0.015814,0.00031282
-0.0075339,-0.01629,0.00031605
-0.0067439,-0.01673,0.00031883
-0.0059289,-0.017131,0.00032197
-0.0050907,-0.017493,0.00032557
-0.0042311,-0.017815,0.00032893
-0.0033522,-0.018094,0.00033184
-0.0024559,-0.018331,0.00033512
-0.0015444,-0.018523,0.00033885
-0.00061978,-0.01867,0.00034234
0.00031568,-0.018771,0.00034538
0.0012597,-0.018826,0.00034881
0.0022101,-0.018833,0.00035269
0.0031643,-0.018793,0.00035627
0.0041202,-0.018704,0.00035946
0.0050752,-0.018568,0.00036306
0.0060269,-0.018383,0.0003671
0.0069729,-0.018149,0.00037077
0.0079107,-0.017867,0.00037411
0.0088378,-0.017536,0.00037791
0.0097518,-0.017158,0.0003821
0.01065,-0.016733,0.00038585
0.011531,-0.016261,0.00038936
0.012391,-0.015743,0.00039337
0.013228,-0.015179,0.00039771
0.01404,-0.014572,0.00040153
0.014825,-0.013921,0.00040523
0.01558,-0.013229,0.00040947
0.016303,-0.012496,0.00041395
0.016992,-0.011724,0.00041784
0.017644,-0.010915,0.00042177
0.018259,-0.010069,0.00042625
0.018833,-0.0091901,0.00043083
0.019366,-0.0082786,0.00043481
0.019854,-0.007337,0.00043899
0.020297,-0.0063673,0.00044372
0.020693,-0.0053717,0.00044836
0.021041,-0.0043524,0.00045247
0.021338,-0.0033119,0.00045694
0.021585,-0.0022525,0.00046191
0.021779,-0.0011768,0.00046656
0.02192,-8.7259e-05,0.00047086
0.022006,0.0010134,0.00047566
0.022038,0.0021226,0.00048083
0.022014,0.0032376,0.00048548
0.021934,0.0043555,0.00049004
0.021798,0.0054736,0.00049516
0.021605,0.006589,0.00050047
0.021355,0.007699,0.00050516
0.021048,0.0088005,0.00051004
0.020685,0.0098908,0.00051549
0.020266,0.010967,0.00052083
0.019791,0.012026,0.00052566
0.019262,0.013065,0.00053091
0.018678,0.014082,0.00053664
0.01804,0.015073,0.00054194
0.017351,0.016036,0.00054703
0.016611,0.016967,0.00055269
0.015821,0.017865,0.0005586
0.014983,0.018727,0.00056389
0.014098,0.01955,0.00056934
0.013169,0.020332,0.00057539
0.012198,0.021069,0.00058131
0.011185,0.021761,0.00058675
0.010134,0.022405,0.00059265
0.0090466,0.022998,0.00059901
0.0079254,0.023539,0.00060486
0.0067728,0.024025,0.00061062
0.0055915,0.024455,0.00061698
0.0043841,0.024828,0.00062347
0.0031534,0.025141,0.00062934
0.0019024,0.025394,0.00063556
0.00063405,0.025585,0.00064234
-0.00064869,0.025713,0.00064875
-0.0019427,0.025777,0.0006549
-0.0032447,0.025776,0.00066164
-0.0045516,0.02571,0.00066863
-0.0058601,0.025578,0.000675
-0.0071668,0.025379,0.00068162
-0.0084685,0.025115,0.00068883
-0.0097618,0.024783,0.00069577
-0.011043,0.024386,0.00070238
-0.01231,0.023923,0.00070957
-0.013557,0.023394,0.00071705
-0.014783,0.022801,0.00072392
-0.015984,0.022144,0.00073102
-0.017156,0.021424,0.00073873
-0.018297,0.020643,0.00074616
-0.019403,0.019801,0.00075328
-0.02047,0.018901,0.000761
-0.021496,0.017944,0.00076899
-0.022478,0.016932,0.00077634
-0.023413,0.015866,0.00078402
-0.024298,0.01475,0.00079228
-0.02513,0.013584,0.00080017
-0.025906,0.012373,0.00080786
-0.026625,0.011118,0.0008162
-0.027284,0.0098226,0.00082466
-0.027879,0.008489,0.00083254
-0.02841,0.0071205,0.00084088
-0.028875,0.0057202,0.00084973
-0.02927,0.0042913,0.00085804
-0.029596,0.0028372,0.0008664
-0.029849,0.0013613,0.00087543
-0.03003,-0.00013293,0.00088431
-0.030136,-0.0016418,0.0008928
-0.030166,-0.0031617,0.0009019
-0.030121,-0.0046887,0.0009113
-0.029998,-0.0062193,0.00092008
-0.029798,-0.0077494,0.00092922
-0.029521,-0.0092752,0.00093896
-0.029166,-0.010793,0.00094823
-0.028733,-0.012298,0.00095746
-0.028223,-0.013788,0.00096738
-0.027636,-0.015257,0.00097721
-0.026974,-0.016702,0.00098663
-0.026236,-0.01812,0.00099667
-0.025424,-0.019506,0.001007
-0.02454,-0.020856,0.0010167
-0.023584,-0.022167,0.0010269
-0.022559,-0.023435,0.0010376
-0.021467,-0.024656,0.0010478
-0.020309,-0.025826,0.0010581
-0.019088,-0.026943,0.0010691
-0.017806,-0.028003,0.0010798
-0.016466,-0.029003,0.0010903
-0.015071,-0.029939,0.0011014
-0.013624,-0.030808,0.0011128
-0.012128,-0.031608,0.0011235
-0.010585,-0.032335,0.0011348
-0.009001,-0.032988,0.0011466
-0.0073778,-0.033564,0.0011578
-0.0057195,-0.034061,0.0011692
-0.0040301,-0.034476,0.0011814
-0.0023136,-0.034808,0.0011932
-0.00057388,-0.035054,0.0012048
0.0011847,-0.035215,0.0012172
0.002958,-0.035287,0.0012296
0.0047415,-0.035271,0.0012415
0.0065309,-0.035165,0.0012541
0.0083217,-0.034969,0.0012671
0.010109,-0.034682,0.0012793
0.011889,-0.034304,0.0012921
0.013657,-0.033836,0.0013056
0.015408,-0.033277,0.0013184
0.017137,-0.032627,0.0013313
0.01884,-0.031889,0.0013451
0.020513,-0.031062,0.0013587
0.02215,-0.030148,0.0013718
0.023747,-0.029149,0.0013859
0.0253,-0.028065,0.0014001
0.026805,-0.0269,0.0014136
0.028257,-0.025654,0.0014279
0.029651,-0.024331,0.0014427
0.030984,-0.022933,0.0014568
0.032252,-0.021463,0.0014712
0.033451,-0.019923,0.0014865
0.034578,-0.018318,0.0015013
0.035627,-0.016649,0.0015159
0.036597,-0.014922,0.0015315
0.037484,-0.01314,0.0015471
0.038284,-0.011306,0.001562
0.038996,-0.0094259,0.0015779
0.039615,-0.0075025,0.0015943
0.040141,-0.0055407,0.0016097
0.04057,-0.0035453,0.0016257
0.0409,-0.0015208,0.0016427
0.041129,0.00052789,0.0016588
0.041257,0.0025958,0.001675
0.041281,0.0046778,0.0016924
0.041201,0.0067689,0.0017095
0.041015,0.0088637,0.001726
0.040724,0.010957,0.0017436
0.040326,0.013044,0.0017616
0.039822,0.015118,0.0017786
0.039212,0.017175,0.0017964
0.038496,0.019209,0.0018152
0.037676,0.021215,0.0018328
0.036751,0.023187,0.0018509
0.035724,0.025119,0.0018702
0.034596,0.027008,0.0018888
0.033369,0.028847,0.0019071
0.032046,0.030631,0.0019268
0.030627,0.032355,0.0019465
0.029117,0.034015,0.0019652
0.027517,0.035605,0.0019851
0.025832,0.037121,0.0020057
0.024064,0.038557,0.0020251
0.022218,0.03991,0.0020452
0.020296,0.041176,0.0020666
0.018304,0.04235,0.0020869
0.016245,0.043428,0.0021073
0.014125,0.044406,0.0021291
0.011947,0.045282,0.0021506
0.0097175,0.046052,0.0021714
0.0074408,0.046712,0.0021936
0.0051223,0.047261,0.0022162
0.0027676,0.047695,0.0022375
0.0003823,0.048013,0.0022599
-0.0020279,0.048212,0.0022835
-0.0044572,0.048291,0.0023058
-0.0068995,0.048248,0.0023285
-0.0093487,0.048082,0.0023527
-0.011799,0.047792,0.0023761
-0.014244,0.047379,0.0023992
-0.016677,0.046841,0.0024238
-0.019092,0.046178,0.0024486
-0.021483,0.045392,0.0024722
-0.023843,0.044483,0.0024972
-0.026167,0.043452,0.0025231
-0.028447,0.0423,0.0025475
-0.030679,0.04103,0.0025728
-0.032854,0.039642,0.0025996
-0.034969,0.038141,0.0026252
-0.037015,0.036527,0.0026508
-0.038988,0.034804,0.0026783
-0.040883,0.032976,0.0027053
-0.042692,0.031046,0.0027314
-0.044411,0.029018,0.0027592
-0.046035,0.026896,0.0027877
-0.047558,0.024684,0.0028146
-0.048976,0.022388,0.0028427
-0.050284,0.020012,0.0028724
-0.051477,0.017561,0.0029004
-0.052552,0.015041,0.0029288
-0.053504,0.012458,0.0029593
-0.05433,0.0098167,0.0029888
-0.055026,0.0071245,0.0030178
-0.05559,0.0043873,0.0030488
-0.056018,0.0016114,0.0030799
-0.056309,-0.0011963,0.0031095
-0.056459,-0.0040291,0.0031409
-0.056468,-0.00688,0.0031736
-0.056334,-0.0097421,0.0032042
-0.056055,-0.012608,0.003236
-0.055632,-0.015471,0.0032697
-0.055063,-0.018323,0.0033019
-0.054348,-0.021157,0.0033341
-0.053489,-0.023966,0.0033685
-0.052485,-0.026743,0.0034026
-0.051338,-0.029479,0.0034354
-0.050049,-0.032168,0.0034703
-0.048621,-0.034802,0.0035062
-0.047054,-0.037374,0.0035399
-0.045353,-0.039877,0.0035753
-0.04352,-0.042304,0.0036125
-0.041557,-0.044649,0.0036477
-0.03947,-0.046903,0.0036835
-0.037262,-0.049061,0.0037217
-0.034937,-0.051116,0.0037589
-0.0325,-0.053062,0.0037952
-0.029956,-0.054892,0.0038342
-0.027311,-0.056602,0.0038734
-0.02457,-0.058185,0.0039106
-0.021739,-0.059637,0.00395
-0.018825,-0.060952,0.003991
-0.015834,-0.062125,0.0040296
-0.012772,-0.063152,0.0040694
-0.009648,-0.06403,0.0041118
-0.0064679,-0.064754,0.0041524
-0.0032396,-0.06532,0.0041927
2.9261e-05,-0.065727,0.004236
0.0033308,-0.065971,0.0042789
0.0066568,-0.06605,0.00432
0.0099993,-0.065963,0.0043639
0.01335,-0.065707,0.0044089
0.0167,-0.065281,0.0044513
0.020041,-0.064686,0.0044957
0.023365,-0.063921,0.0045425
0.026663,-0.062986,0.0045868
0.029927,-0.061882,0.0046317
0.033147,-0.06061,0.0046797
0.036315,-0.059171,0.0047265
0.039422,-0.057568,0.0047721
0.042461,-0.055803,0.0048209
0.045422,-0.053879,0.0048703
0.048298,-0.051798,0.004917
0.05108,-0.049566,0.0049664
0.05376,-0.047185,0.005018
0.056331,-0.044661,0.0050665
0.058784,-0.041998,0.0051165
0.061113,-0.039202,0.0051697
0.06331,-0.036278,0.0052207
0.065368,-0.033234,0.0052714
0.067282,-0.030074,0.0053257
0.069043,-0.026807,0.0053796
0.070647,-0.023439,0.0054312
0.072088,-0.019978,0.0054863
0.07336,-0.016432,0.0055429
0.074459,-0.012808,0.0055962
0.07538,-0.0091161,0.0056518
0.076119,-0.0053639,0.0057106
0.076672,-0.0015606,0.0057663
0.077036,0.0022847,0.0058226
0.077208,0.0061626,0.0058829
0.077187,0.010064,0.0059417
0.076969,0.013978,0.0059989
0.076554,0.017896,0.0060602
0.07594,0.021808,0.0061222
0.075127,0.025704,0.0061809
0.074116,0.029573,0.0062429
0.072907,0.033406,0.0063076
0.071501,0.037192,0.0063686
0.069899,0.040922,0.0064313
0.068104,0.044585,0.006498
0.066118,0.048172,0.0065622
0.063944,0.051672,0.0066257
0.061587,0.055077,0.0066938
0.05905,0.058375,0.0067616
0.056338,0.061558,0.0068263
0.053456,0.064617,0.0068953
0.050409,0.067543,0.0069665
0.047204,0.070326,0.0070334
0.043847,0.072958,0.0071032
0.040346,0.075432,0.0071769
0.036707,0.077739,0.007247
0.032939,0.079872,0.0073175
0.02905,0.081824,0.0073931
0.025048,0.083587,0.0074671
0.020943,0.085156,0.0075388
0.016743,0.086525,0.0076156
0.01246,0.087687,0.0076935
0.0081017,0.088639,0.0077671
0.0036797,0.089376,0.0078448
-0.00079581,0.089893,0.0079261
-0.0053139,0.090187,0.0080027
-0.0098635,0.090255,0.0080812
-0.014433,0.090095,0.0081649
-0.019012,0.089705,0.0082455
-0.023589,0.089083,0.0083251
-0.028151,0.088229,0.0084104
-0.032687,0.087143,0.0084956
-0.037185,0.085825,0.0085768
-0.041634,0.084276,0.0086633
-0.046022,0.082498,0.0087526
-0.050336,0.080492,0.0088366
-0.054566,0.078263,0.0089239
-0.058699,0.075813,0.0090164
-0.062725,0.073146,0.0091044
-0.066632,0.070267,0.0091928
-0.070408,0.06718,0.0092875
-0.074044,0.063893,0.0093804
-0.077527,0.060411,0.0094702
-0.080849,0.056741,0.0095664
-0.083999,0.052891,0.0096642
-0.086967,0.048868,0.0097565
-0.089744,0.044681,0.0098538
-0.092321,0.040339,0.0099557
-0.094689,0.035852,0.010052
-0.096841,0.031228,0.01015
-0.098768,0.02648,0.010255
-0.10046,0.021617,0.010356
-0.10192,0.016651,0.010456
-0.10314,0.011594,0.010563
-0.1041,0.0064566,0.01067
-0.10481,0.0012519,0.010771
-0.10526,-0.0040078,0.01088
-0.10545,-0.0093095,0.010992
-0.10537,-0.01464,0.011097
-0.10503,-0.019987,0.011206
-0.10441,-0.025336,0.011322
-0.10352,-0.030674,0.011433
-0.10237,-0.035987,0.011543
-0.10094,-0.041262,0.011662
-0.099239,-0.046484,0.011778
-0.097271,-0.051641,0.011891
-0.095037,-0.056717,0.012011
-0.092539,-0.0617,0.012134
-0.089782,-0.066576,0.012249
-0.08677,-0.071331,0.012371
-0.083508,-0.075953,0.012499
-0.080002,-0.080428,0.012619
-0.076257,-0.084743,0.012742
-0.072283,-0.088886,0.012873
-0.068085,-0.092845,0.013
-0.063673,-0.096607,0.013125
-0.059056,-0.10016,0.013259
-0.054243,-0.1035,0.013393
-0.049245,-0.1066,0.01352
-0.044072,-0.10947,0.013655
-0.038736,-0.11209,0.013796
-0.033249,-0.11445,0.013927
-0.027624,-0.11654,0.014064
-0.021872,-0.11836,0.014209
-0.016008,-0.11989,0.014347
-0.010046,-0.12114,0.014486
-0.0039985,-0.12209,0.014634
0.0021187,-0.12274,0.01478
0.008291,-0.12308,0.014921
0.014503,-0.12312,0.015071
0.020741,-0.12284,0.015225
0.026987,-0.12225,0.015369
0.033226,-0.12135,0.015521
0.039443,-0.12013,0.015681
0.045622,-0.11859,0.015832
0.051746,-0.11673,0.015985
0.057799,-0.11456,0.01615
0.063765,-0.11208,0.016309
0.069629,-0.10929,0.016464
0.075374,-0.10619,0.016631
0.080984,-0.1028,0.016799
0.086444,-0.099107,0.016958
0.091739,-0.095129,0.017127
0.096854,-0.090871,0.017303
0.10177,-0.08634,0.017468
0.10648,-0.081545,0.017638
0.11097,-0.076496,0.017819
0.11522,-0.071203,0.017992
0.11922,-0.065677,0.018165
0.12295,-0.05993,0.01835
0.12641,-0.053974,0.018533
0.12959,-0.047823,0.018708
0.13246,-0.041489,0.018896
0.13503,-0.034988,0.019088
0.13728,-0.028335,0.019269
0.13921,-0.021543,0.019458
0.1408,-0.01463,0.019658
0.14205,-0.0076121,0.019847
0.14295,-0.0005055,0.020038
0.1435,0.0066723,0.020243
0.14369,0.013904,0.020442
0.14352,0.021171,0.020636
0.14298,0.028457,0.020844
0.14207,0.035742,0.021054
0.14079,0.043007,0.021252
0.13915,0.050236,0.021463
0.13713,0.057407,0.021682
0.13475,0.064504,0.021888
0.132,0.071507,0.0221
0.12889,0.078397,0.022326
0.12542,0.085156,0.022543
0.1216,0.091765,0.022757
0.11744,0.098207,0.022988
0.11293,0.10446,0.023216
0.1081,0.11051,0.023435
0.10294,0.11635,0.023669
0.097469,0.12194,0.023909
0.0917,0.12728,0.024134
0.085641,0.13235,0.02437
0.079305,0.13713,0.024619
0.072706,0.14161,0.024854
0.065858,0.14577,0.025092
0.058776,0.14961,0.025347
0.051475,0.15311,0.025595
0.043972,0.15625,0.025837
0.036284,0.15902,0.026096
0.028429,0.16142,0.026357
0.020425,0.16343,0.026605
0.012291,0.16505,0.026866
0.0040465,0.16627,0.027139
-0.0042892,0.16707,0.027396
-0.012696,0.16746,0.02766
-0.021152,0.16743,0.027941
-0.029637,0.16697,0.028211
-0.03813,0.16609,0.028478
-0.046609,0.16477,0.028765
-0.055052,0.16303,0.029049
-0.063439,0.16085,0.029321
-0.071746,0.15824,0.029611
-0.079952,0.15521,0.02991
-0.088035,0.15176,0.03019
-0.095974,0.14788,0.030483
-0.10375,0.14359,0.030792
-0.11133,0.1389,0.031086
-0.11871,0.13381,0.031381
-0.12586,0.12833,0.031698
-0.13275,0.12247,0.032007
-0.13938,0.11624,0.032306
-0.14572,0.10966,0.032628
-0.15175,0.10274,0.032953
-0.15746,0.095484,0.03326
-0.16282,0.087919,0.033585
-0.16782,0.080058,0.033924
-0.17244,0.071917,0.034243
-0.17667,0.063515,0.03457
-0.18049,0.05487,0.034919
-0.18389,0.046002,0.035254
-0.18686,0.036932,0.035585
-0.18938,0.02768,0.03594
-0.19145,0.018268,0.036294
-0.19305,0.0087181,0.036631
-0.19418,-0.00094591,0.03699
-0.19482,-0.010701,0.037361
-0.19498,-0.020523,0.037709
-0.19465,-0.030389,0.038071
-0.19382,-0.040272,0.038455
-0.19248,-0.050149,0.038818
-0.19065,-0.059994,0.039184
-0.18832,-0.069782,0.039576
-0.18548,-0.079487,0.039959
-0.18215,-0.089085,0.04033
-0.17832,-0.098549,0.040728
-0.17401,-0.10785,0.041131
-0.16921,-0.11698,0.041511
-0.16393,-0.12589,0.041912
-0.15819,-0.13457,0.042332
-0.152,-0.14299,0.042727
-0.14535,-0.15113,0.043131
-0.13828,-0.15896,0.043563
-0.13078,-0.16647,0.043978
-0.12289,-0.17362,0.044387
-0.1146,-0.18041,0.044825
-0.10595,-0.1868,0.045263
-0.096939,-0.19278,0.045679
-0.0876,-0.19833,0.046123
-0.077949,-0.20343,0.046581
-0.068008,-0.20806,0.047011
-0.057799,-0.2122,0.047457
-0.047346,-0.21585,0.047931
-0.036673,-0.21899,0.048381
-0.025805,-0.2216,0.048831
-0.014767,-0.22367,0.049314
-0.0035866,-0.2252,0.049789
0.0077097,-0.22617,0.050245
0.019094,-0.22657,0.050735
0.030539,-0.22641,0.051233
0.042015,-0.22567,0.051701
0.053494,-0.22435,0.052195
0.064947,-0.22244,0.052713
0.076344,-0.21996,0.0532
0.087656,-0.21689,0.053697
0.098853,-0.21325,0.054228
0.10991,-0.20903,0.05474
0.12078,-0.20423,0.055242
0.13146,-0.19888,0.055782
0.1419,-0.19297,0.056322
0.15209,-0.18651,0.056833
0.16198,-0.17952,0.057378
0.17156,-0.17201,0.057942
0.18079,-0.16399,0.05847
0.18965,-0.15548,0.059018
0.19811,-0.1465,0.0596
0.20615,-0.13705,0.060154
0.21375,-0.12718,0.060706
0.22087,-0.11688,0.061299
0.2275,-0.10619,0.061882
0.23362,-0.095136,0.062442
0.2392,-0.083732,0.063042
0.24423,-0.072009,0.063655
0.24868,-0.059993,0.064229
0.25255,-0.047712,0.064833
0.25581,-0.035194,0.065468
0.25845,-0.02247,0.066066
0.26047,-0.009569,0.066673
0.26184,0.0034771,0.067324
0.26256,0.016637,0.067952
0.26262,0.029877,0.068566
0.26201,0.043166,0.069226
0.26074,0.056469,0.069888
0.25879,0.069754,0.070513
0.25617,0.082985,0.071178
0.25287,0.09613,0.071869
0.2489,0.10915,0.072515
0.24427,0.12202,0.073183
0.23897,0.1347,0.073894
0.23301,0.14715,0.074571
0.22641,0.15935,0.075244
0.21918,0.17126,0.075968
0.21132,0.18284,0.076681
0.20285,0.19407,0.077363
0.19379,0.20491,0.078094
0.18415,0.21533,0.078842
0.17396,0.22529,0.079541
0.16323,0.23478,0.080276
0.15199,0.24377,0.081051
0.14026,0.25221,0.081779
0.12806,0.2601,0.082517
0.11543,0.2674,0.083309
0.10239,0.27409,0.084075
0.088971,0.28014,0.08482
0.075202,0.28554,0.085621
0.061115,0.29027,0.086428
0.046744,0.2943,0.087187
0.032123,0.29762,0.087993
0.017287,0.30022,0.088833
0.0022709,0.30208,0.089617
-0.012888,0.30319,0.090426
-0.028153,0.30355,0.09129
-0.043486,0.30314,0.092112
-0.058849,0.30195,0.092926
-0.074202,0.29999,0.093802
-0.089507,0.29725,0.094668
-0.10472,0.29373,0.095493
-0.11981,0.28943,0.096376
-0.13474,0.28436,0.097283
-0.14945,0.27853,0.098128
-0.16392,0.27193,0.099015
-0.17811,0.26459,0.099952
-0.19197,0.25651,0.10083
-0.20547,0.2477,0.10172
-0.21858,0.23819,0.10268
-0.23124,0.22799,0.10361
-0.24344,0.21712,0.1045
-0.25512,0.2056,0.10547
-0.26627,0.19345,0.10644
-0.27684,0.18071,0.10736
-0.2868,0.16739,0.10832
-0.29612,0.15353,0.10934
-0.30478,0.13916,0.11028
-0.31274,0.1243,0.11125
-0.31998,0.109,0.11229
-0.32647,0.093283,0.11328
-0.3322,0.077191,0.11426
-0.33713,0.06076,0.11531
-0.34125,0.044029,0.11635
-0.34454,0.027038,0.11734
-0.34699,0.0098272,0.1184
-0.34858,-0.0075606,0.11949
-0.3493,-0.025083,0.1205
-0.34914,-0.042697,0.12156
-0.34809,-0.060357,0.12268
-0.34616,-0.078021,0.12374
-0.34333,-0.095642,0.1248
-0.3396,-0.11318,0.12594
-0.33498,-0.13058,0.12705
-0.32947,-0.1478,0.12812
-0.32307,-0.1648,0.12927
-0.3158,-0.18152,0.13044
-0.30767,-0.19794,0.13153
-0.29869,-0.214,0.13268
-0.28887,-0.22965,0.13389
-0.27823,-0.24486,0.13502
-0.26679,-0.25958,0.13617
-0.25458,-0.27377,0.13741
-0.24162,-0.28738,0.13859
-0.22794,-0.30039,0.13974
-0.21355,-0.31275,0.14099
-0.19851,-0.32442,0.14223
-0.18283,-0.33537,0.14341
-0.16655,-0.34556,0.14466
-0.14971,-0.35497,0.14595
-0.13234,-0.36356,0.14715
-0.11449,-0.37129,0.14841
-0.096201,-0.37816,0.14974
-0.07751,-0.38412,0.15099
-0.058462,-0.38916,0.15224
-0.039104,-0.39326,0.15359
-0.019483,-0.3964,0.15491
0.00035475,-0.39855,0.15617
0.020359,-0.39972,0.15752
0.040482,-0.39988,0.1589
0.060671,-0.39903,0.16018
0.080877,-0.39716,0.16154
0.10105,-0.39427,0.16297
0.12113,-0.39036,0.16429
0.14108,-0.38542,0.16565
0.16084,-0.37947,0.1671
0.18035,-0.3725,0.16849
0.19957,-0.36454,0.16984
0.21844,-0.35558,0.17131
0.23692,-0.34564,0.17277
0.25495,-0.33475,0.17414
0.27248,-0.32292,0.1756
0.28947,-0.31017,0.17712
0.30587,-0.29653,0.17853
0.32162,-0.28203,0.17999
0.33669,-0.2667,0.18154
0.35103,-0.25056,0.18301
0.3646,-0.23365,0.18446
0.37736,-0.21601,0.18604
0.38926,-0.19769,0.18758
0.40028,-0.17871,0.18904
0.41037,-0.15912,0.19062
0.4195,-0.13897,0.19223
0.42764,-0.11831,0.19371
0.43477,-0.09718,0.19528
0.44085,-0.075633,0.19694
0.44587,-0.05372,0.19848
0.44979,-0.031494,0.20005
0.45261,-0.0090109,0.20173
0.4543,0.013676,0.20335
0.45486,0.036509,0.20491
0.45426,0.059433,0.2066
0.45252,0.082388,0.20829
0.44961,0.10532,0.20987
0.44554,0.12816,0.21155
0.4403,0.15086,0.21331
0.43392,0.17336,0.21493
0.42638,0.19559,0.2166
0.4177,0.21751,0.2184
0.4079,0.23904,0.22008
0.39698,0.26014,0.22175
0.38498,0.28075,0.22356
0.3719,0.3008,0.22533
0.35779,0.32025,0.227
0.34265,0.33904,0.2288
0.32654,0.35711,0.23065
0.30947,0.37442,0.23235
0.29148,0.39092,0.23414
0.27262,0.40655,0.23604
0.25292,0.42127,0.23779
0.23244,0.43504,0.23957
0.2112,0.44781,0.24149
0.18927,0.45954,0.24333
0.1667,0.4702,0.2451
0.14353,0.47975,0.24703
0.11982,0.48816,0.24895
0.095634,0.49539,0.25074
0.071021,0.50142,0.25264
0.046043,0.50623,0.25464
0.020761,0.50979,0.25647
-0.0047615,0.51209,0.25836
-0.030462,0.51311,0.26039
-0.056276,0.51284,0.2623
-0.082139,0.51126,0.26417
-0.10799,0.50838,0.26621
-0.13375,0.5042,0.26821
-0.15936,0.4987,0.27008
-0.18476,0.4919,0.2721
-0.20987,0.48381,0.27419
-0.23464,0.47443,0.27609
-0.25899,0.46378,0.27809
-0.28287,0.45189,0.28022
-0.3062,0.43876,0.28219
-0.32892,0.42442,0.28417
-0.35097,0.40891,0.28632
-0.3723,0.39226,0.28838
-0.39283,0.37449,0.29034
-0.41251,0.35564,0.29249
-0.43129,0.33577,0.29464
-0.44911,0.3149,0.29662
-0.46593,0.29309,0.29873
-0.48167,0.27038,0.30096
-0.49632,0.24683,0.30298
-0.5098,0.22248,0.30507
-0.52209,0.19741,0.30732
-0.53315,0.17166,0.30944
-0.54293,0.1453,0.3115
-0.5514,0.11839,0.31375
-0.55854,0.090996,0.31596
-0.56432,0.063182,0.31802
-0.5687,0.035018,0.32024
-0.57168,0.0065736,0.32254
-0.57323,-0.022081,0.32463
-0.57334,-0.050874,0.32682
-0.572,-0.079733,0.32916
-0.5692,-0.10858,0.33132
-0.56494,-0.13735,0.33348
-0.55923,-0.16597,0.33583
-0.55206,-0.19436,0.33809
-0.54345,-0.22244,0.34022
-0.53341,-0.25014,0.34255
-0.52195,-0.2774,0.34492
-0.5091,-0.30413,0.34706
-0.49487,-0.33027,0.34935
-0.4793,-0.35574,0.35178
-0.46241,-0.38048,0.35397
-0.44425,-0.40442,0.35622
-0.42484,-0.42749,0.35867
-0.40424,-0.44963,0.36096
-0.38248,-0.47077,0.36317
-0.35962,-0.49085,0.3656
-0.3357,-0.50982,0.368
-0.31077,-0.52763,0.3702
-0.28491,-0.54421,0.37259
-0.25816,-0.55952,0.37508
-0.23059,-0.5735,0.37731
-0.20227,-0.58613,0.37965
-0.17326,-0.59735,0.38217
-0.14363,-0.60714,0.38449
-0.11345,-0.61544,0.38677
-0.082803,-0.62225,0.38929
-0.051758,-0.62752,0.39171
-0.020392,-0.63123,0.39397
0.011215,-0.63337,0.39645
0.042986,-0.63393,0.39898
0.07484,-0.63288,0.40124
0.1067,-0.63023,0.40366
0.13847,-0.62597,0.40625
0.17009,-0.6201,0.40857
0.20146,-0.61263,0.41093
0.23251,-0.60357,0.41353
0.26315,-0.59293,0.41596
0.29331,-0.58072,0.41827
0.32291,-0.56698,0.42083
0.35186,-0.55173,0.42337
0.38008,-0.53499,0.42567
0.40751,-0.5168,0.42817
0.43407,-0.49721,0.43079
0.45968,-0.47624,0.43312
0.48427,-0.45395,0.43555
0.50779,-0.43039,0.4382
0.53015,-0.40561,0.44062
0.55129,-0.37967,0.44299
0.57116,-0.35262,0.44562
0.5897,-0.32453,0.44815
0.60685,-0.29546,0.45048
0.62256,-0.26549,0.45305
0.63679,-0.23468,0.45569
0.64949,-0.20311,0.45802
0.66061,-0.17086,0.46051
0.67012,-0.138,0.4632
0.678,-0.10461,0.46559
0.6842,-0.070785,0.46801
0.68871,-0.036598,0.47069
0.6915,-0.0021371,0.4732
0.69256,0.032511,0.47555
0.69188,0.06726,0.47818
0.68944,0.10202,0.48081
0.68525,0.1367,0.48313
0.67931,0.17122,0.48568
0.67163,0.20549,0.48839
0.66221,0.23941,0.49075
0.65106,0.2729,0.49321
0.63822,0.30587,0.49593
0.6237,0.33823,0.49839
0.60754,0.36991,0.50077
0.58976,0.40081,0.50344
0.5704,0.43085,0.50603
0.54951,0.45995,0.50836
0.52712,0.48803,0.51095
0.5033,0.51502,0.51364
0.47809,0.54084,0.51597
0.45155,0.56542,0.51846
0.42374,0.5887,0.52119
0.39473,0.6106,0.5236
0.36458,0.63106,0.526
0.33338,0.65003,0.5287
0.30118,0.66744,0.53123
0.26807,0.68325,0.53355
0.23413,0.69742,0.53618
0.19944,0.70989,0.53882
0.16409,0.72063,0.54112
0.12816,0.72959,0.54364
0.091745,0.73676,0.54636
0.054931,0.7421,0.5487
0.017813,0.7456,0.55111
-0.019517,0.74723,0.55382
-0.056965,0.74698,0.55627
-0.094436,0.74484,0.55859
-0.13183,0.74082,0.56124
-0.16906,0.73491,0.56382
-0.20603,0.72712,0.56608
-0.24264,0.71747,0.56862
-0.27879,0.70596,0.5713
-0.3144,0.69262,0.57357
-0.34936,0.67748,0.57599
-0.3836,0.66057,0.57869
-0.41701,0.64192,0.58104
-0.44951,0.62157,0.58336
-0.48101,0.59957,0.58601
-0.51143,0.57597,0.58849
-0.54068,0.55082,0.59072
-0.5687,0.52418,0.59328
-0.59539,0.4961,0.59588
-0.62069,0.46666,0.59808
-0.64453,0.43593,0.60051
-0.66684,0.40398,0.60317
-0.68755,0.37088,0.60542
-0.70662,0.33671,0.60773
-0.72398,0.30157,0.61037
-0.73958,0.26552,0.61274
-0.75338,0.22866,0.61493
-0.76533,0.19109,0.61749
-0.77541,0.15289,0.61999
-0.78356,0.11417,0.62213
-0.78977,0.075002,0.62456
-0.79402,0.035502,0.62715
-0.79628,-0.0042343,0.6293
-0.79654,-0.044108,0.63159
-0.7948,-0.084018,0.6342
-0.79105,-0.12386,0.63644
-0.78529,-0.16354,0.63861
-0.77754,-0.20295,0.64114
-0.76779,-0.24199,0.64352
-0.75608,-0.28056,0.6456
-0.74242,-0.31856,0.64802
-0.72685,-0.35589,0.65052
-0.70939,-0.39245,0.65257
-0.69008,-0.42816,0.65485
-0.66897,-0.46291,0.65739
-0.6461,-0.49661,0.65951
-0.62152,-0.52918,0.66164
-0.5953,-0.56053,0.66415
-0.56749,-0.59057,0.66639
-0.53816,-0.61922,0.66841
-0.50738,-0.64641,0.67081
-0.47522,-0.67206,0.67319
-0.44175,-0.6961,0.67515
-0.40707,-0.71848,0.67741
-0.37125,-0.73911,0.67987
-0.33438,-0.75795,0.68185
-0.29655,-0.77494,0.68396
-0.25785,-0.79004,0.68641
-0.21838,-0.80319,0.6885
-0.17824,-0.81436,0.69047
-0.13753,-0.82352,0.69284
-0.09635,-0.83064,0.69507
-0.054798,-0.83568,0.69695
-0.012982,-0.83864,0.69919
0.028993,-0.8395,0.70154
0.07102,-0.83825,0.70339
0.11299,-0.83489,0.70547
0.15481,-0.82941,0.70785
0.19635,-0.82183,0.70979
0.23752,-0.81217,0.71171
0.27822,-0.80043,0.71404
0.31833,-0.78664,0.71611
0.35775,-0.77084,0.71791
0.39639,-0.75305,0.72012
0.43413,-0.73332,0.72233
0.47089,-0.71169,0.72408
0.50657,-0.68821,0.72613
0.54107,-0.66294,0.72841
0.5743,-0.63593,0.73019
0.60618,-0.60725,0.73208
0.63663,-0.57696,0.73434
0.66555,-0.54514,0.73624
0.69287,-0.51187,0.73799
0.71852,-0.47722,0.74015
0.74244,-0.44129,0.74221
0.76454,-0.40415,0.74385
0.78479,-0.3659,0.74587
0.80311,-0.32663,0.74804
0.81946,-0.28644,0.74968
0.83379,-0.24543,0.75152
0.84606,-0.20371,0.75371
0.85624,-0.16137,0.75544
0.86428,-0.11851,0.75713
0.87018,-0.075261,0.75924
0.8739,-0.031714,0.76113
0.87543,0.012017,0.76269
0.87477,0.055821,0.76467
0.87191,0.099589,0.7667
0.86685,0.14321,0.76821
0.8596,0.18657,0.77002
0.85018,0.22956,0.77211
0.83859,0.27207,0.77367
0.82487,0.314,0.77531
0.80906,0.35523,0.77737
0.79117,0.39566,0.77907
0.77125,0.43519,0.78056
0.74936,0.47371,0.7825
0.72553,0.51112,0.78436
0.69983,0.54733,0.78577
0.67231,0.58224,0.78754
0.64306,0.61577,0.78952
0.61212,0.64782,0.79092
0.57958,0.67831,0.79252
0.54552,0.70716,0.7945
0.51001,0.73429,0.79602
0.47316,0.75963,0.79746
0.43504,0.78312,0.79935
0.39575,0.80469,0.80103
0.35539,0.82428,0.80234
0.31406,0.84184,0.80409
0.27186,0.85732,0.80592
0.22889,0.87067,0.80719
0.18526,0.88187,0.80876
0.14109,0.89088,0.81064
0.096482,0.89766,0.81198
0.051545,0.9022,0.81337
0.0063947,0.9045,0.81521
-0.038855,0.90452,0.8167
-0.08409,0.90227,0.81795
-0.1292,0.89775,0.81966
-0.17406,0.89097,0.82132
-0.21857,0.88194,0.82248
-0.2626,0.87068,0.82402
-0.30606,0.85722,0.82579
-0.34882,0.84158,0.82697
-0.39079,0.82381,0.82832
-0.43184,0.80394,0.83009
-0.47188,0.78201,0.8314
-0.5108,0.75808,0.83259
-0.54851,0.73222,0.83425
-0.5849,0.70447,0.83574
-0.61989,0.67491,0.83681
-0.65337,0.6436,0.83832
-0.68528,0.61064,0.83995
-0.71551,0.57608,0.841
-0.74399,0.54003,0.84232
-0.77066,0.50257,0.844
-0.79543,0.46378,0.84514
-0.81825,0.42377,0.84628
-0.83905,0.38264,0.8479
-0.85777,0.34048,0.8492
-0.87437,0.29741,0.8502
-0.88881,0.25353,0.85169
-0.90103,0.20894,0.85316
-0.91101,0.16377,0.85409
-0.91873,0.11812,0.8554
-0.92415,0.072105,0.85697
-0.92726,0.025845,0.85794
-0.92805,-0.020545,0.85906
-0.92651,-0.06695,0.86062
-0.92265,-0.11325,0.86173
-0.91646,-0.15933,0.86269
-0.90797,-0.20508,0.86414
-0.8972,-0.25037,0.86544
-0.88415,-0.2951,0.86629
-0.86888,-0.33914,0.86757
-0.85141,-0.3824,0.86902
-0.83177,-0.42475,0.86985
-0.81003,-0.46609,0.87095
-0.78623,-0.50632,0.87243
-0.76042,-0.54533,0.87338
-0.73268,-0.58301,0.87429
-0.70306,-0.61929,0.8757
-0.67165,-0.65406,0.87683
-0.63851,-0.68723,0.87761
-0.60373,-0.71873,0.87888
-0.5674,-0.74845,0.88018
-0.5296,-0.77634,0.8809
-0.49042,-0.80231,0.88199
-0.44998,-0.82631,0.88338
-0.40835,-0.84825,0.88416
-0.36566,-0.8681,0.88506
-0.322,-0.8858,0.88643
-0.27748,-0.9013,0.88737
-0.23222,-0.91455,0.88811
-0.18632,-0.92553,0.88936
-0.13991,-0.9342,0.8905
-0.093097,-0.94054,0.89114
-0.045998,-0.94453,0.89222
0.0012666,-0.94615,0.8935
0.048579,-0.94541,0.89414
0.095819,-0.94229,0.89503
0.14287,-0.93682,0.89633
0.18961,-0.92899,0.89711
0.23592,-0.91882,0.89782
0.28169,-0.90634,0.89904
0.3268,-0.89158,0.90001
0.37114,-0.87456,0.9006
0.41459,-0.85534,0.90167
0.45705,-0.83396,0.90281
0.4984,-0.81047,0.90336
0.53854,-0.78492,0.90424
0.57737,-0.75739,0.90547
0.61479,-0.72793,0.90609
0.65071,-0.69662,0.90679
0.68503,-0.66353,0.90798
0.71767,-0.62875,0.90878
0.74853,-0.59237,0.90932
0.77756,-0.55447,0.91039
0.80466,-0.51514,0.91138
0.82976,-0.47449,0.91185
0.85281,-0.43262,0.91274
0.87375,-0.38962,0.91387
0.89251,-0.34562,0.91436
0.90906,-0.3007,0.91506
0.92334,-0.255,0.9162
0.93532,-0.20862,0.91683
0.94497,-0.16168,0.91736
0.95226,-0.1143,0.91842
0.95717,-0.06659,0.91925
0.95969,-0.018675,0.91966
0.95981,0.029325,0.92056
0.95752,0.077289,0.92157
0.95283,0.1251,0.92195
0.94576,0.17263,0.92267
0.93631,0.21977,0.92375
0.9245,0.26639,0.92423
0.91038,0.31238,0.92476
0.89396,0.35762,0.92579
0.8753,0.402,0.92646
0.85442,0.44541,0.92684
0.8314,0.48774,0.92775
0.80627,0.52887,0.92862
0.77911,0.56871,0.92893
0.74997,0.60715,0.92966
0.71895,0.6441,0.93066
0.68609,0.67946,0.93101
0.6515,0.71315,0.93155
0.61525,0.74507,0.93256
0.57744,0.77515,0.93307
0.53815,0.80331,0.93344
0.4975,0.82948,0.93435
0.45557,0.85358,0.93507
0.41247,0.87557,0.93533
0.36831,0.89537,0.93608
0.32321,0.91296,0.93698
0.27726,0.92826,0.93723
0.23059,0.94125,0.93779
0.18332,0.95189,0.93875
0.13556,0.96016,0.93911
0.087424,0.96602,0.93949
0.039045,0.96948,0.94039
-0.00946,0.97051,0.94096
-0.05797,0.9691,0.9412
-0.10636,0.96528,0.94196
-0.15452,0.95904,0.94274
-0.20232,0.95038,0.94292
-0.24963,0.93935,0.9435
-0.29635,0.92596,0.94439
-0.34236,0.91024,0.94463
-0.38753,0.89224,0.94503
-0.43176,0.872,0.94592
-0.47493,0.84956,0.94633
-0.51693,0.82498,0.94657
-0.55766,0.79832,0.94735
-0.59702,0.76966,0.94798
-0.63491,0.73905,0.94812
-0.67122,0.70657,0.94873
-0.70588,0.67232,0.94954
-0.73879,0.63636,0.94968
-0.76986,0.59879,0.9501
-0.79902,0.5597,0.95096
-0.8262,0.51919,0.95123
-0.85132,0.47737,0.95148
-0.87433,0.43433,0.95227
-0.89516,0.39018,0.95276
-0.91375,0.34503,0.95287
-0.93007,0.299,0.95352
-0.94407,0.2522,0.95421
-0.95571,0.20475,0.95428
-0.96497,0.15676,0.95475
-0.97182,0.10837,0.95555
-0.97624,0.059672,0.9557
-0.97821,0.010808,0.95597
-0.97775,-0.038104,0.95676
-0.97483,-0.086942,0.9571
-0.96947,-0.13558,0.95722
-0.96169,-0.18391,0.95789
-0.9515,-0.23179,0.95845
-0.93892,-0.27911,0.95848
-0.92398,-0.32576,0.95899
-0.90674,-0.37161,0.95971
-0.88721,-0.41654,0.95977
-0.86545,-0.46046,0.96008
-0.84153,-0.50324,0.96084
-0.81548,-0.54477,0.96105
-0.78739,-0.58496,0.96119
-0.75731,-0.6237,0.96188
-0.72533,-0.6609,0.9623
-0.69152,-0.69646,0.96232
-0.65597,-0.73028,0.96286
-0.61877,-0.7623,0.96349
-0.58,-0.79241,0.96347
-0.53977,-0.82056,0.96383
-0.49818,-0.84667,0.96456
-0.45532,-0.87066,0.96464
-0.41131,-0.89248,0.96481
-0.36625,-0.91209,0.96551
-0.32026,-0.92941,0.96579
-0.27346,-0.94441,0.96582
-0.22595,-0.95707,0.96639
-0.17787,-0.96733,0.9669
-0.12932,-0.97516,0.96685
-0.080434,-0.98057,0.96725
-0.03133,-0.98353,0.96792
0.017868,-0.98402,0.9679
0.067037,-0.98205,0.96812
0.11605,-0.97763,0.96881
0.1648,-0.97076,0.96896
0.21314,-0.96146,0.96901
0.26097,-0.94975,0.96961
0.30816,-0.93566,0.96999
0.35459,-0.91923,0.96992
0.40015,-0.90049,0.97038
0.44472,-0.8795,0.97096
0.48819,-0.8563,0.97087
0.53045,-0.83095,0.97114
0.5714,-0.80351,0.9718
0.61093,-0.77406,0.97183
0.64895,-0.74266,0.97192
0.68535,-0.7094,0.97254
0.72005,-0.67435,0.97279
0.75295,-0.63761,0.97273
0.78398,-0.59926,0.97323
0.81306,-0.5594,0.97369
0.84011,-0.51814,0.97357
0.86507,-0.47556,0.97389
0.88788,-0.43179,0.97451
0.90846,-0.38692,0.97444
0.92678,-0.34108,0.97457
0.94279,-0.29437,0.9752
0.95645,-0.24691,0.97531
0.96771,-0.19882,0.97528
0.97656,-0.15023,0.97582
0.98296,-0.10125,0.97616
0.98691,-0.051999,0.97603
0.98839,-0.0026091,0.97641
0.98741,0.046799,0.97694
0.98394,0.096101,0.97681
0.97802,0.14517,0.977
0.96966,0.1939,0.97761
0.95886,0.24214,0.9776
0.94567,0.2898,0.97761
0.93011,0.33674,0.97818
0.91221,0.38284,0.97839
0.89203,0.428,0.97827
0.86962,0.4721,0.9787
0.84503,0.51503,0.97913
0.81832,0.55668,0.97896
0.78955,0.59694,0.97921
0.75881,0.63572,0.97978
0.72616,0.67292,0.97968
0.69169,0.70844,0.97974
0.65549,0.74221,0.98031
0.61764,0.77411,0.9804
0.57823,0.80409,0.98031
0.53737,0.83207,0.98078
0.49516,0.85797,0.9811
0.4517,0.88173,0.98091
0.40711,0.90329,0.98123
0.36149,0.92259,0.98173
0.31496,0.93959,0.98156
0.26763,0.95424,0.98168
0.21962,0.96652,0.98225
0.17106,0.97637,0.98222
0.12205,0.98379,0.98217
0.07274,0.98875,0.98268
0.023234,0.99123,0.98287
-0.026338,0.99124,0.98269
-0.075853,0.98877,0.98306
-0.12519,0.98383,0.98348
-0.17421,0.97642,0.98326
-0.22282,0.96657,0.98345
-0.27087,0.95431,0.98399
-0.31825,0.93965,0.98386
-0.36485,0.92264,0.98386
-0.41054,0.90333,0.98439
-0.45521,0.88175,0.98447
-0.49874,0.85796,0.98432
-0.54104,0.83203,0.98474
-0.582,0.80401,0.98504
-0.6215,0.77397,0.98481
-0.65945,0.742,0.98507
-0.69577,0.70817,0.98555
-0.73034,0.67256,0.98535
-0.7631,0.63526,0.98541
-0.79395,0.59637,0.98595
-0.82283,0.55598,0.9859
-0.84964,0.5142,0.9858
-0.87434,0.47113,0.98626
-0.89686,0.42687,0.98645
-0.91713,0.38154,0.98622
-0.93512,0.33525,0.98654
-0.95077,0.28811,0.98695
-0.96404,0.24025,0.9867
-0.97491,0.19178,0.98683
-0.98334,0.14282,0.98734
-0.98931,0.093501,0.9872
-0.99281,0.043942,0.98715
-0.99383,-0.0057334,0.98764
-0.99237,-0.055401,0.98771
-0.98842,-0.10494,0.98751
-0.982,-0.15421,0.98789
-0.97312,-0.20311,0.98819
-0.96181,-0.25151,0.98792
-0.94809,-0.29928,0.98813
-0.93201,-0.34632,0.98859
-0.91359,-0.39249,0.98837
-0.89288,-0.43768,0.98839
-0.86994,-0.48179,0.98889
-0.84482,-0.52469,0.98884
-0.81758,-0.56629,0.98869
-0.78831,-0.60648,0.98911
-0.75705,-0.64516,0.9893
-0.7239,-0.68222,0.98904
-0.68893,-0.71759,0.98931
-0.65224,-0.75117,0.9897
-0.61392,-0.78286,0.98943
-0.57405,-0.81261,0.98952
-0.53275,-0.84033,0.99001
-0.49011,-0.86595,0.98986
-0.44624,-0.88941,0.98976
-0.40125,-0.91065,0.99022
-0.35525,-0.92961,0.99029
-0.30836,-0.94625,0.99005
-0.2607,-0.96052,0.99039
-0.21238,-0.9724,0.99069
-0.16352,-0.98184,0.99039
-0.11425,-0.98884,0.99056
-0.064686,-0.99336,0.99101
-0.014959,-0.99539,0.99077
0.03481,-0.99494,0.99075
0.084497,-0.99201,0.99122
0.13398,-0.98659,0.99117
0.18313,-0.9787,0.99099
0.23182,-0.96837,0.99137
0.27994,-0.95561,0.99156
0.32737,-0.94046,0.99127
0.37398,-0.92297,0.99151
0.41966,-0.90316,0.9919
0.46429,-0.88109,0.99161
0.50777,-0.85682,0.99165
0.54998,-0.83041,0.99213
0.59082,-0.80192,0.99197
0.63018,-0.77141,0.99184
0.66798,-0.73899,0.99227
0.70411,-0.70471,0.99234
0.73847,-0.66866,0.99208
0.771,-0.63094,0.99238
0.8016,-0.59164,0.99268
0.8302,-0.55086,0.99236
0.85673,-0.50869,0.99249
0.88111,-0.46526,0.99293
0.9033,-0.42065,0.99269
0.92322,-0.375,0.99263
0.94085,-0.3284,0.99308
0.95612,-0.28097,0.99303
0.969,-0.23284,0.99281
0.97946,-0.18413,0.99317
0.98747,-0.13495,0.99336
0.99302,-0.085433,0.99305
0.99608,-0.035697,0.99325
0.99665,0.014131,0.99364
0.99473,0.063927,0.99334
0.99033,0.11357,0.99335
0.98345,0.16293,0.9938
0.9741,0.21188,0.99365
0.96233,0.26031,0.99349
0.94815,0.30809,0.99389
0.93159,0.3551,0.99397
0.9127,0.40123,0.99368
0.89154,0.44636,0.99395
0.86814,0.49038,0.99425
0.84257,0.53317,0.99393
0.8149,0.57463,0.99401
0.78518,0.61466,0.99445
0.7535,0.65315,0.99421
0.71994,0.69001,0.99411
0.68457,0.72516,0.99454
0.64749,0.75848,0.99451
0.60879,0.78992,0.99426
0.56857,0.81938,0.99459
0.52692,0.8468,0.99479
0.48395,0.87209,0.99446
0.43977,0.89522,0.99463
0.39449,0.9161,0.99502
0.34822,0.9347,0.99471
0.30108,0.95096,0.99469
0.25318,0.96484,0.99513
0.20464,0.97631,0.99499
0.1556,0.98534,0.9948
0.10616,0.99192,0.99517
0.056453,0.99601,0.99527
0.0066025,0.99761,0.99496
-0.043267,0.99672,0.99519
-0.09303,0.99333,0.99551
-0.14256,0.98746,0.99517
-0.19174,0.97913,0.99522
-0.24044,0.96834,0.99565
-0.28855,0.95514,0.99542
-0.33593,0.93954,0.99529
-0.38248,0.9216,0.99571
-0.42807,0.90135,0.99568
-0.47259,0.87885,0.99541
-0.51594,0.85415,0.99571
-0.558,0.82732,0.99593
-0.59866,0.79841,0.99558
-0.63783,0.76751,0.99572
-0.67541,0.73469,0.99611
-0.71129,0.70003,0.9958
-0.74541,0.66361,0.99575
-0.77766,0.62554,0.99618
-0.80797,0.58591,0.99605
-0.83625,0.5448,0.99583
-0.86246,0.50234,0.99619
-0.8865,0.45861,0.9963
-0.90833,0.41374,0.99597
-0.92789,0.36783,0.99618
-0.94514,0.32101,0.9965
-0.96002,0.27337,0.99615
-0.9725,0.22505,0.99618
-0.98255,0.17617,0.99661
-0.99014,0.12685,0.99638
-0.99526,0.077201,0.99623
-0.9979,0.027363,0.99662
-0.99804,-0.022546,0.99662
-0.99567,-0.072399,0.99632
-0.99083,-0.12207,0.9966
-0.98351,-0.17145,0.99683
-0.97373,-0.22039,0.99647
-0.96151,-0.26879,0.99658
-0.94689,-0.31651,0.99697
-0.9299,-0.36345,0.99667
-0.91059,-0.40947,0.99659
-0.88901,-0.45448,0.99701
-0.86519,-0.49835,0.9969
-0.83921,-0.54098,0.99665
-0.81114,-0.58226,0.99699
-0.78104,-0.62208,0.99712
-0.74898,-0.66034,0.99677
-0.71506,-0.69696,0.99695
-0.67934,-0.73184,0.99729
-0.64192,-0.76489,0.99694
-0.6029,-0.79603,0.99694
-0.56237,-0.82518,0.99736
-0.52043,-0.85227,0.99714
-0.47719,-0.87722,0.99696
-0.43276,-0.89999,0.99735
-0.38724,-0.92051,0.99736
-0.34076,-0.93872,0.99705
-0.29342,-0.9546,0.9973
-0.24535,-0.96808,0.99755
-0.19666,-0.97914,0.99718
-0.14748,-0.98776,0.99726
-0.097927,-0.99392,0.99766
-0.04813,-0.99758,0.99736
0.0017883,-0.99875,0.99726
0.051704,-0.99743,0.99767
0.10149,-0.99361,0.99757
0.15102,-0.9873,0.9973
0.20018,-0.97854,0.99762
0.24884,-0.96732,0.99777
0.29688,-0.95368,0.99741
0.34418,-0.93767,0.99757
0.39062,-0.91931,0.99791
0.43608,-0.89864,0.99756
0.48045,-0.87573,0.99754
0.52363,-0.85064,0.99795
0.56549,-0.82341,0.99775
0.60595,-0.79413,0.99755
0.64489,-0.76286,0.99792
0.68222,-0.72969,0.99795
0.71784,-0.69468,0.99762
0.75167,-0.65795,0.99785
0.78363,-0.61956,0.99811
0.81362,-0.57963,0.99774
0.84158,-0.53825,0.9978
0.86744,-0.49552,0.9982
0.89113,-0.45155,0.99791
0.91259,-0.40645,0.99778
0.93178,-0.36034,0.99818
0.94863,-0.31332,0.9981
0.96311,-0.26552,0.99782
0.97519,-0.21705,0.99812
0.98483,-0.16804,0.99828
0.992,-0.11861,0.99791
0.9967,-0.068887,0.99805
0.99891,-0.018987,0.9984
0.99862,0.030962,0.99806
0.99583,0.080834,0.99801
0.99056,0.13051,0.99842
0.98281,0.17985,0.99824
0.9726,0.22875,0.99801
0.95996,0.27707,0.99836
0.94492,0.32471,0.99842
0.92751,0.37153,0.99807
0.9078,0.41743,0.99829
0.88581,0.46228,0.99856
0.8616,0.50598,0.99819
0.83524,0.54841,0.99822
0.8068,0.58948,0.99862
0.77633,0.62907,0.99835
0.74393,0.66709,0.9982
0.70967,0.70344,0.99859
0.67363,0.73804,0.99853
0.6359,0.77079,0.99823
0.59659,0.80161,0.99851
0.55578,0.83044,0.99869
0.51359,0.85718,0.99832
0.47011,0.88178,0.99843
0.42545,0.90419,0.99879
0.37973,0.92432,0.99845
0.33306,0.94215,0.99838
0.28556,0.95763,0.99879
0.23735,0.97071,0.99862
0.18853,0.98137,0.99838
0.13925,0.98957,0.99872
0.08962,0.9953,0.99879
0.039764,0.99854,0.99844
-0.010192,0.99929,0.99863
-0.060124,0.99754,0.99892
-0.10991,0.99329,0.99855
-0.15941,0.98657,0.99856
-0.20852,0.97738,0.99896
-0.25711,0.96574,0.9987
-0.30506,0.95168,0.99853
-0.35225,0.93526,0.9989
-0.39855,0.91649,0.99887
-0.44386,0.89543,0.99855
-0.48806,0.87213,0.99881
-0.53104,0.84665,0.99902
-0.5727,0.81906,0.99864
-0.61292,0.78941,0.99873
-0.65162,0.7578,0.9991
-0.68868,0.72429,0.99877
-0.72402,0.68897,0.99867
-0.75756,0.65193,0.99907
-0.78919,0.61325,0.99893
-0.81886,0.57305,0.99867
-0.84649,0.53141,0.99899
-0.87199,0.48844,0.99909
-0.89532,0.44425,0.99872
-0.91641,0.39895,0.99889
-0.93521,0.35265,0.9992
-0.95167,0.30547,0.99883
-0.96575,0.25753,0.99882
-0.97742,0.20894,0.99922
-0.98664,0.15983,0.99898
-0.9934,0.11032,0.99879
-0.99768,0.06053,0.99915
-0.99947,0.010591,0.99914
-0.99875,-0.039374,0.99881
-0.99554,-0.089243,0.99905
-0.98984,-0.13889,0.99928
-0.98166,-0.18819,0.99889
-0.97104,-0.23702,0.99896
-0.95799,-0.28525,0.99934
-0.94253,-0.33278,0.99902
-0.92473,-0.37947,0.99891
-0.90461,-0.42522,0.9993
-0.88223,-0.4699,0.99918
-0.85765,-0.5134,0.9989
-0.83092,-0.55563,0.99921
-0.80212,-0.59647,0.99933
-0.7713,-0.63581,0.99895
-0.73857,-0.67357,0.9991
-0.70398,-0.70965,0.99943
-0.66764,-0.74394,0.99906
-0.62962,-0.77639,0.99902
-0.59004,-0.80689,0.99943
-0.54897,-0.83537,0.9992
-0.50654,-0.86177,0.99899
-0.46284,-0.88601,0.99935
-0.41798,-0.90804,0.99936
-0.37207,-0.9278,0.99902
-0.32524,-0.94524,0.99924
-0.27759,-0.96032,0.99948
-0.22925,-0.97299,0.9991
-0.18033,-0.98324,0.99915
-0.13097,-0.99103,0.99953
-0.081274,-0.99634,0.99923
-0.031376,-0.99916,0.99909
0.018601,-0.99948,0.99947
0.068531,-0.99731,0.99938
0.11829,-0.99264,0.99908
0.16775,-0.98549,0.99937
0.2168,-0.97588,0.99952
0.2653,-0.96382,0.99914
0.31314,-0.94936,0.99927
0.3602,-0.93253,0.9996
0.40636,-0.91336,0.99924
0.4515,-0.89192,0.99919
0.49552,-0.86824,0.99959
0.53829,-0.84239,0.99938
0.57972,-0.81444,0.99915
0.61971,-0.78445,0.9995
0.65814,-0.7525,0.99953
0.69493,-0.71866,0.99918
0.72998,-0.68304,0.99939
0.76321,-0.6457,0.99965
0.79453,-0.60675,0.99926
0.82386,-0.56629,0.99929
0.85114,-0.5244,0.99968
0.87629,-0.48121,0.99939
0.89924,-0.43681,0.99923
0.91996,-0.39133,0.99961
0.93837,-0.34486,0.99954
0.95443,-0.29753,0.99923
0.96811,-0.24946,0.9995
0.97937,-0.20076,0.99967
0.98818,-0.15156,0.99928
0.99453,-0.10198,0.99939
0.99839,-0.052151,0.99974
0.99974,-0.0021874,0.99939
0.99861,0.047782,0.99931
0.99498,0.097633,0.99971
0.98885,0.14724,0.99953
0.98026,0.19648,0.99928
0.96922,0.24523,0.99961
0.95576,0.29336,0.99967
0.9399,0.34076,0.99931
0.9217,0.38731,0.9995
0.90119,0.4329,0.99978
0.87843,0.4774,0.99939
0.85347,0.5207,0.9994
0.82639,0.56271,0.99979
0.79723,0.60331,0.99952
0.76608,0.6424,0.99934
0.73302,0.67989,0.99972
0.69813,0.71568,0.99966
0.66148,0.74967,0.99934
0.62319,0.7818,0.9996
0.58334,0.81197,0.99979
0.54203,0.84011,0.9994
0.49937,0.86616,0.99949
0.45545,0.89004,0.99985
0.4104,0.91169,0.99951
0.36432,0.93106,0.99941
0.31734,0.94811,0.99981
0.26955,0.96279,0.99965
0.2211,0.97505,0.99938
0.17209,0.98489,0.9997
0.12265,0.99226,0.99979
0.072905,0.99715,0.99942
0.022977,0.99955,0.99958
-0.027008,0.99946,0.99988
-0.076926,0.99686,0.9995
-0.12665,0.99177,0.99949
-0.17606,0.9842,0.99988
-0.22503,0.97417,0.99963
-0.27344,0.96171,0.99943
-0.32116,0.94684,0.99979
-0.36809,0.92961,0.99977
-0.41409,0.91005,0.99944
-0.45906,0.88822,0.99968
-0.50288,0.86417,0.99989
-0.54544,0.83796,0.9995
-0.58664,0.80965,0.99957
-0.62637,0.77932,0.99993
-0.66454,0.74704,0.99961
-0.70104,0.7129,0.99949
-0.7358,0.67697,0.99988
-0.76872,0.63935,0.99974
-0.79971,0.60013,0.99947
-0.82871,0.55941,0.99977
-0.85563,0.5173,0.99988
-0.88042,0.47389,0.9995
-0.903,0.42929,0.99965
-0.92334,0.38363,0.99996
-0.94135,0.337,0.99959
-0.95702,0.28953,0.99955
-0.9703,0.24134,0.99995
-0.98115,0.19254,0.99972
-0.98954,0.14326,0.9995
-0.99547,0.093629,0.99986
-0.99891,0.043759,0.99985
-0.99985,-0.0062199,0.99951
-0.99829,-0.056184,0.99973
-0.99424,-0.10601,0.99997
-0.98769,-0.15557,0.99958
-0.97869,-0.20474,0.99962
-0.96724,-0.2534,1
-0.95336,-0.30142,0.99969
-0.9371,-0.34869,0.99955
-0.91851,-0.39509,0.99993
-0.89762,-0.44051,0.99982
-0.87448,-0.48482,0.99953
-0.84916,-0.52792,0.99982
-0.82171,-0.5697,0.99995
-0.79221,-0.61006,0.99957
-0.76073,-0.64889,0.9997
-0.72735,-0.6861,1
-0.69215,-0.72159,0.99966
-0.65522,-0.75529,0.9996
-0.61666,-0.78709,1
-0.57655,-0.81693,0.99979
-0.535,-0.84472,0.99956
-0.49211,-0.87041,0.9999
-0.448,-0.89392,0.99992
-0.40276,-0.91519,0.99957
-0.35652,-0.93418,0.99978
-0.30938,-0.95083,1
-0.26147,-0.9651,0.99964
-0.21291,-0.97697,0.99967
-0.16382,-0.98639,1
-0.11431,-0.99335,0.99975
-0.064524,-0.99782,0.9996
-0.014573,-0.9998,0.99997
0.035414,-0.99928,0.99989
0.085313,-0.99626,0.99958
0.135,-0.99075,0.99986
0.18435,-0.98277,1
0.23323,-0.97232,0.99962
0.28154,-0.95945,0.99974
0.32914,-0.94419,1.0001
0.37592,-0.92656,0.99972
0.42176,-0.90661,0.99964
0.46655,-0.8844,1
0.51016,-0.85998,0.99985
0.55251,-0.8334,0.9996
0.59347,-0.80475,0.99993
0.63295,-0.77409,0.99998
0.67085,-0.74148,0.99962
0.70707,-0.70703,0.99981
0.74152,-0.67081,1.0001
0.77412,-0.63291,0.99969
0.80479,-0.59343,0.9997
0.83344,-0.55247,1.0001
0.86001,-0.51012,0.99981
0.88443,-0.4665,0.99963
0.90665,-0.42171,1
0.92659,-0.37587,0.99994
0.94422,-0.32909,0.99962
0.95949,-0.28149,0.99988
0.97236,-0.23319,1.0001
0.98279,-0.1843,0.99967
0.99078,-0.13495,0.99976
0.99629,-0.085261,1.0001
0.9993,-0.035361,0.99977
0.99982,0.014628,0.99967
0.99785,0.06458,1.0001
0.99337,0.11437,0.9999
0.98641,0.16388,0.99964
0.97699,0.21297,0.99996
0.96513,0.26153,1
0.95085,0.30944,0.99966
0.93419,0.35658,0.99983
0.91521,0.40283,1.0001
0.89393,0.44806,0.99974
0.87042,0.49218,0.99972
0.84474,0.53507,1.0001
0.81694,0.57662,0.99985
0.7871,0.61673,0.99966
0.75529,0.6553,1
0.7216,0.69223,0.99999
0.6861,0.72743,0.99966
0.64888,0.76081,0.9999
0.61005,0.79229,1.0001
0.56969,0.82179,0.99971
0.5279,0.84924,0.99978
0.4848,0.87456,1.0001
0.44048,0.8977,0.99981
0.39507,0.91859,0.9997
0.34867,0.93719,1.0001
0.30139,0.95345,0.99994
0.25336,0.96731,0.99966
0.2047,0.97877,0.99997
0.15552,0.98778,1.0001
0.10596,0.99432,0.99969
0.056134,0.99837,0.99984
0.0061657,0.99993,1.0002
-0.043817,0.99899,0.99977
-0.093692,0.99555,0.99974
-0.14333,0.98963,1.0001
-0.19261,0.98123,0.99989
-0.24141,0.97037,0.99968
-0.28961,0.9571,1
-0.33708,0.94143,1
-0.38371,0.9234,0.99968
-0.42939,0.90307,0.99991
-0.47398,0.88048,1.0001
-0.5174,0.85569,0.99974
-0.55952,0.82876,0.99979
-0.60024,0.79977,1.0002
-0.63946,0.76877,0.99985
-0.67708,0.73584,0.99971
-0.71302,0.70109,1.0001
-0.74717,0.66457,0.99998
-0.77944,0.6264,0.99969
-0.80978,0.58666,0.99998
-0.83809,0.54546,1.0001
-0.8643,0.50289,0.99972
-0.88836,0.45906,0.99985
-0.91019,0.41409,1.0002
-0.92975,0.36808,0.99981
-0.94698,0.32115,0.99975
-0.96186,0.27342,1.0001
-0.97432,0.22501,0.99993
-0.98434,0.17603,0.9997
-0.99191,0.12662,1
-0.997,0.076883,1.0001
-0.9996,0.026958,0.99971
-0.9997,-0.023035,0.99992
-0.9973,-0.072971,1.0002
-0.9924,-0.12272,0.99977
-0.98503,-0.17217,0.9998
-0.9752,-0.22119,1.0002
-0.96292,-0.26965,0.99988
-0.94824,-0.31744,0.99973
-0.93119,-0.36443,1.0001
-0.91182,-0.41052,1
-0.89016,-0.45558,0.99971
-0.86628,-0.4995,0.99998
-0.84023,-0.54217,1.0001
-0.81208,-0.58349,0.99974
-0.78191,-0.62334,0.99986
-0.74978,-0.66165,1.0002
-0.71577,-0.69829,0.99983
-0.67997,-0.73319,0.99976
-0.64248,-0.76626,1.0002
-0.60338,-0.79741,0.99996
-0.56277,-0.82657,0.99972
-0.52076,-0.85367,1
-0.47744,-0.87863,1.0001
-0.43293,-0.90139,0.99973
-0.38734,-0.9219,0.99992
-0.34078,-0.94011,1.0002
-0.29337,-0.95597,0.99979
-0.24522,-0.96944,0.99981
-0.19647,-0.98048,1.0002
-0.14722,-0.98908,0.99991
-0.097599,-0.9952,0.99974
-0.047738,-0.99883,1.0001
0.0022425,-0.99997,1
0.052217,-0.99861,0.99972
0.10206,-0.99475,0.99998
0.15165,-0.98841,1.0002
0.20086,-0.97959,0.99976
0.24957,-0.96833,0.99986
0.29766,-0.95465,1.0002
0.34499,-0.93858,0.99986
0.39147,-0.92016,0.99977
0.43697,-0.89945,1.0002
0.48138,-0.87648,0.99999
0.52458,-0.85133,0.99973
0.56648,-0.82405,1
0.60696,-0.79471,1.0001
0.64592,-0.76338,0.99974
0.68326,-0.73014,0.99992
0.7189,-0.69508,1.0002
0.75274,-0.65828,0.99982
0.7847,-0.61984,0.99981
0.8147,-0.57985,1.0002
0.84266,-0.5384,0.99993
0.86852,-0.49561,0.99974
0.8922,-0.45159,1.0001
0.91366,-0.40643,1.0001
0.93283,-0.36026,0.99973
0.94967,-0.31319,0.99998
0.96414,-0.26533,1.0002
0.97619,-0.21681,0.99978
0.98581,-0.16775,0.99986
0.99296,-0.11827,1.0002
0.99763,-0.068498,0.99988
0.99981,-0.018552,0.99977
0.99949,0.031441,1.0002
0.99667,0.081355,1
0.99135,0.13107,0.99974
0.98357,0.18045,1
0.97332,0.22938,1.0001
0.96063,0.27774,0.99976
0.94555,0.32541,0.99992
0.92811,0.37226,1.0002
0.90834,0.41818,0.99984
0.88631,0.46305,0.99981
0.86206,0.50677,1.0002
0.83565,0.54922,0.99995
0.80716,0.5903,0.99975
0.77665,0.62991,1.0001
0.7442,0.66794,1.0001
0.70988,0.70429,0.99975
0.6738,0.7389,0.99998
0.63603,0.77165,1.0002
0.59666,0.80247,0.9998
0.55581,0.83129,0.99986
0.51357,0.85803,1.0002
0.47004,0.88262,0.9999
0.42534,0.90501,0.99977
0.37958,0.92514,1.0002
0.33287,0.94296,1
0.28532,0.95841,0.99974
0.23707,0.97148,1
0.18822,0.98211,1.0002
0.1389,0.99029,0.99977
0.089229,0.996,0.99991
0.039338,0.99921,1.0002
-0.010651,0.99993,0.99985
-0.060613,0.99815,0.99981
-0.11042,0.99387,1.0002
-0.15996,0.98711,0.99998
-0.20909,0.97788,0.99975
-0.25771,0.96621,1.0001
-0.30568,0.95212,1.0001
-0.35288,0.93565,0.99976
-0.3992,0.91685,0.99997
-0.44453,0.89575,1.0002
-0.48874,0.87241,0.99982
-0.53173,0.8469,0.99985
-0.5734,0.81927,1.0002
-0.61362,0.78958,0.99992
-0.65232,0.75793,0.99977
-0.68939,0.72438,1.0002
-0.72473,0.68902,1.0001
-0.75826,0.65193,0.99975
-0.78989,0.61322,1
-0.81956,0.57298,1.0002
-0.84717,0.5313,0.99978
-0.87266,0.4883,0.9999
-0.89598,0.44407,1.0002
-0.91705,0.39874,0.99987
-0.93583,0.3524,0.99981
-0.95228,0.30519,1.0002
-0.96634,0.25722,0.99999
-0.97799,0.2086,0.99976
-0.98719,0.15946,1.0001
-0.99393,0.10992,1.0001
-0.99818,0.060108,0.99976
-0.99994,0.010144,0.99996
-0.9992,-0.039845,1.0002
-0.99595,-0.089734,0.99983
-0.99022,-0.1394,0.99985
-0.98202,-0.18872,1.0002
-0.97136,-0.23756,0.99994
-0.95827,-0.28581,0.99977
-0.9428,-0.33335,1.0001
-0.92496,-0.38005,1.0001
-0.9048,-0.4258,0.99976
-0.88239,-0.47049,1
-0.85778,-0.51401,1.0002
-0.83101,-0.55623,0.9998
-0.80217,-0.59707,0.9999
-0.77133,-0.63642,1.0002
-0.73856,-0.67417,0.99989
-0.70394,-0.71024,0.9998
-0.66757,-0.74454,1.0002
-0.62952,-0.77697,1
-0.5899,-0.80746,0.99976
-0.54881,-0.83594,1.0001
-0.50634,-0.86233,1.0002
